ID,REPO_ID,COMMIT_ID,ZIP_REPO_PATH,HOST_FILE_PATH
1,00btweb/00btweb.github.io,6b05487663a7f5dd0f2c5cb9d9fd39f1b14e78e5,REPO_SNAPSHOTS/00btweb_00btweb.github.io.zip,host_files/host_hugo.sh
2,0731gdoh/0731gdoh.github.io,638e05673de02fbfdedb1e5a8ff5aa5fc339d8a2,REPO_SNAPSHOTS/0731gdoh_0731gdoh.github.io.zip,host_files/host_static_html.sh
3,0xRick/0xRick.github.io,26f33ed3b30b62ddb866faa7c43ba31f4011e1a3,REPO_SNAPSHOTS/0xRick_0xRick.github.io.zip,host_files/host_static_html.sh
4,101110101110-protect/101110101110-protect.github.io,4bcbb8eb73ce6bbd18177cfc583e79dee2835af1,REPO_SNAPSHOTS/101110101110-protect_101110101110-protect.github.io.zip,host_files/host_static_html.sh
6,1115210/1115210.github.io,d3f5b23924994e590b7e946902dc97317bba92ca,REPO_SNAPSHOTS/1115210_1115210.github.io.zip,host_files/host_hexo.sh
7,11viaverde/11viaverde.github.io,f3422223c8cfb434ec68625b6321c9d3000f6c41,REPO_SNAPSHOTS/11viaverde_11viaverde.github.io.zip,host_files/host_static_html.sh
8,120minuten/120minuten.github.io,8cf3ceee7a3c0837b260c6362d9ff0c7c68c387b,REPO_SNAPSHOTS/120minuten_120minuten.github.io.zip,host_files/host_static_html.sh
9,126pro/126pro.github.io,1a9028e1c526e799796554cea34789a652873e74,REPO_SNAPSHOTS/126pro_126pro.github.io.zip,host_files/host_hexo.sh
10,13club/13club.github.io,9b60ddfd5f794af0dec0ff5f78ee157a8fe21f9a,REPO_SNAPSHOTS/13club_13club.github.io.zip,host_files/host_static_html.sh
11,18339167199/18339167199.github.io,2bb8e883e5d90947cd9c780128add9691c5a6fd1,REPO_SNAPSHOTS/18339167199_18339167199.github.io.zip,host_files/host_static_html.sh
